{
  "version": "2.3.1-beta.0",
  "visualisation": {
    "nodes": [
      {
        "id": "n:1",
        "position": {
          "x": -51.38572288044223,
          "y": 16.542891521768922
        }
      },
      {
        "id": "n:2",
        "position": {
          "x": -51.76695437731196,
          "y": 274.29469790382245
        }
      },
      {
        "id": "n:3",
        "position": {
          "x": 248.23304562268805,
          "y": 18.15716864132669
        }
      },
      {
        "id": "n:4",
        "position": {
          "x": 235.07620784129523,
          "y": 265.96165708251834
        }
      }
    ]
  },
  "dataModel": {
    "version": "2.3.1-beta.0",
    "graphSchemaRepresentation": {
      "version": "1.0.0",
      "graphSchema": {
        "nodeLabels": [
          {
            "$id": "nl:1",
            "token": "Dinosaur",
            "properties": [
              {
                "$id": "p:1",
                "token": "name",
                "type": {
                  "type": "string"
                },
                "nullable": true
              },
              {
                "$id": "p:2",
                "token": "diet",
                "type": {
                  "type": "string"
                },
                "nullable": true
              },
              {
                "$id": "p:3",
                "token": "length",
                "type": {
                  "type": "float"
                },
                "nullable": true
              },
              {
                "$id": "p:4",
                "token": "named_year",
                "type": {
                  "type": "integer"
                },
                "nullable": true
              },
              {
                "$id": "p:5",
                "token": "link",
                "type": {
                  "type": "string"
                },
                "nullable": true
              }
            ]
          },
          {
            "$id": "nl:2",
            "token": "Group",
            "properties": [
              {
                "$id": "p:6",
                "token": "name",
                "type": {
                  "type": "string"
                },
                "nullable": true
              }
            ]
          },
          {
            "$id": "nl:3",
            "token": "Period",
            "properties": [
              {
                "$id": "p:7",
                "token": "name",
                "type": {
                  "type": "string"
                },
                "nullable": true
              }
            ]
          },
          {
            "$id": "nl:4",
            "token": "Region",
            "properties": [
              {
                "$id": "p:10",
                "token": "name",
                "type": {
                  "type": "string"
                },
                "nullable": true
              }
            ]
          }
        ],
        "relationshipTypes": [
          {
            "$id": "rt:1",
            "token": "MEMBER_OF",
            "properties": []
          },
          {
            "$id": "rt:2",
            "token": "LIVED_DURING",
            "properties": [
              {
                "$id": "p:8",
                "token": "from",
                "type": {
                  "type": "integer"
                },
                "nullable": true
              },
              {
                "$id": "p:9",
                "token": "to",
                "type": {
                  "type": "integer"
                },
                "nullable": true
              }
            ]
          },
          {
            "$id": "rt:3",
            "token": "LIVED_IN",
            "properties": []
          }
        ],
        "nodeObjectTypes": [
          {
            "$id": "n:1",
            "labels": [
              {
                "$ref": "#nl:1"
              }
            ]
          },
          {
            "$id": "n:2",
            "labels": [
              {
                "$ref": "#nl:2"
              }
            ]
          },
          {
            "$id": "n:3",
            "labels": [
              {
                "$ref": "#nl:3"
              }
            ]
          },
          {
            "$id": "n:4",
            "labels": [
              {
                "$ref": "#nl:4"
              }
            ]
          }
        ],
        "relationshipObjectTypes": [
          {
            "$id": "r:1",
            "type": {
              "$ref": "#rt:1"
            },
            "from": {
              "$ref": "#n:1"
            },
            "to": {
              "$ref": "#n:2"
            }
          },
          {
            "$id": "r:2",
            "type": {
              "$ref": "#rt:2"
            },
            "from": {
              "$ref": "#n:1"
            },
            "to": {
              "$ref": "#n:3"
            }
          },
          {
            "$id": "r:3",
            "type": {
              "$ref": "#rt:3"
            },
            "from": {
              "$ref": "#n:1"
            },
            "to": {
              "$ref": "#n:4"
            }
          }
        ],
        "constraints": [
          {
            "$id": "c:1",
            "name": "name_Dinosaur_uniq",
            "constraintType": "uniqueness",
            "entityType": "node",
            "nodeLabel": {
              "$ref": "#nl:1"
            },
            "properties": [
              {
                "$ref": "#p:1"
              }
            ]
          },
          {
            "$id": "c:4",
            "name": "name_Region_uniq",
            "constraintType": "uniqueness",
            "entityType": "node",
            "nodeLabel": {
              "$ref": "#nl:4"
            },
            "properties": [
              {
                "$ref": "#p:10"
              }
            ]
          },
          {
            "$id": "c:3",
            "name": "name_Period_uniq",
            "constraintType": "uniqueness",
            "entityType": "node",
            "nodeLabel": {
              "$ref": "#nl:3"
            },
            "properties": [
              {
                "$ref": "#p:7"
              }
            ]
          },
          {
            "$id": "c:2",
            "name": "name_Group_uniq",
            "constraintType": "uniqueness",
            "entityType": "node",
            "nodeLabel": {
              "$ref": "#nl:2"
            },
            "properties": [
              {
                "$ref": "#p:6"
              }
            ]
          }
        ],
        "indexes": [
          {
            "$id": "i:1",
            "name": "name_Dinosaur_uniq",
            "indexType": "default",
            "entityType": "node",
            "nodeLabel": {
              "$ref": "#nl:1"
            },
            "properties": [
              {
                "$ref": "#p:1"
              }
            ]
          },
          {
            "$id": "i:2",
            "name": "name_Group_uniq",
            "indexType": "default",
            "entityType": "node",
            "nodeLabel": {
              "$ref": "#nl:2"
            },
            "properties": [
              {
                "$ref": "#p:6"
              }
            ]
          },
          {
            "$id": "i:3",
            "name": "name_Period_uniq",
            "indexType": "default",
            "entityType": "node",
            "nodeLabel": {
              "$ref": "#nl:3"
            },
            "properties": [
              {
                "$ref": "#p:7"
              }
            ]
          },
          {
            "$id": "i:4",
            "name": "name_Region_uniq",
            "indexType": "default",
            "entityType": "node",
            "nodeLabel": {
              "$ref": "#nl:4"
            },
            "properties": [
              {
                "$ref": "#p:10"
              }
            ]
          }
        ]
      }
    },
    "graphSchemaExtensionsRepresentation": {
      "nodeKeyProperties": [
        {
          "node": {
            "$ref": "#n:1"
          },
          "keyProperty": {
            "$ref": "#p:1"
          }
        },
        {
          "node": {
            "$ref": "#n:2"
          },
          "keyProperty": {
            "$ref": "#p:6"
          }
        },
        {
          "node": {
            "$ref": "#n:3"
          },
          "keyProperty": {
            "$ref": "#p:7"
          }
        },
        {
          "node": {
            "$ref": "#n:4"
          },
          "keyProperty": {
            "$ref": "#p:10"
          }
        }
      ]
    },
    "graphMappingRepresentation": {
      "dataSourceSchema": {
        "type": "local",
        "tableSchemas": [
          {
            "name": "dinosaurs.csv",
            "expanded": true,
            "fields": [
              {
                "name": "name",
                "sample": "Aardonyx",
                "recommendedType": {
                  "type": "string"
                }
              },
              {
                "name": "diet",
                "sample": "herbivorous",
                "recommendedType": {
                  "type": "string"
                }
              },
              {
                "name": "period_description",
                "sample": "Early Jurassic 199-189 million years ago",
                "recommendedType": {
                  "type": "string"
                }
              },
              {
                "name": "period",
                "sample": "Early Jurassic",
                "recommendedType": {
                  "type": "string"
                }
              },
              {
                "name": "period_from",
                "sample": "199",
                "recommendedType": {
                  "type": "integer"
                }
              },
              {
                "name": "period_to",
                "sample": "189",
                "recommendedType": {
                  "type": "integer"
                }
              },
              {
                "name": "lived_in",
                "sample": "South Africa",
                "recommendedType": {
                  "type": "string"
                }
              },
              {
                "name": "type",
                "sample": "sauropod",
                "recommendedType": {
                  "type": "string"
                }
              },
              {
                "name": "length",
                "sample": "8.0",
                "recommendedType": {
                  "type": "float"
                }
              },
              {
                "name": "taxonomy",
                "sample": "Dinosauria Saurischia Sauropodomorpha Prosauropoda Anchisauria",
                "recommendedType": {
                  "type": "string"
                }
              },
              {
                "name": "named_description",
                "sample": "Yates Bonnan Neveling Chinsamy and Blackbeard (2009)",
                "recommendedType": {
                  "type": "string"
                }
              },
              {
                "name": "named_by",
                "sample": "Yates Bonnan Neveling Chinsamy and Blackbeard",
                "recommendedType": {
                  "type": "string"
                }
              },
              {
                "name": "named_year",
                "sample": "2009",
                "recommendedType": {
                  "type": "integer"
                }
              },
              {
                "name": "species",
                "sample": "celestae",
                "recommendedType": {
                  "type": "string"
                }
              },
              {
                "name": "link",
                "sample": "https://www.nhm.ac.uk/discover/dino-directory/aardonyx.html",
                "recommendedType": {
                  "type": "string"
                }
              }
            ]
          }
        ]
      },
      "nodeMappings": [
        {
          "node": {
            "$ref": "#n:1"
          },
          "tableName": "dinosaurs.csv",
          "propertyMappings": [
            {
              "fieldName": "name",
              "property": {
                "$ref": "#p:1"
              }
            },
            {
              "fieldName": "diet",
              "property": {
                "$ref": "#p:2"
              }
            },
            {
              "fieldName": "length",
              "property": {
                "$ref": "#p:3"
              }
            },
            {
              "fieldName": "named_year",
              "property": {
                "$ref": "#p:4"
              }
            },
            {
              "fieldName": "link",
              "property": {
                "$ref": "#p:5"
              }
            }
          ]
        },
        {
          "node": {
            "$ref": "#n:2"
          },
          "tableName": "dinosaurs.csv",
          "propertyMappings": [
            {
              "fieldName": "type",
              "property": {
                "$ref": "#p:6"
              }
            }
          ]
        },
        {
          "node": {
            "$ref": "#n:3"
          },
          "tableName": "dinosaurs.csv",
          "propertyMappings": [
            {
              "fieldName": "period",
              "property": {
                "$ref": "#p:7"
              }
            }
          ]
        },
        {
          "node": {
            "$ref": "#n:4"
          },
          "tableName": "dinosaurs.csv",
          "propertyMappings": [
            {
              "fieldName": "lived_in",
              "property": {
                "$ref": "#p:10"
              }
            }
          ]
        }
      ],
      "relationshipMappings": [
        {
          "relationship": {
            "$ref": "#r:1"
          },
          "tableName": "dinosaurs.csv",
          "propertyMappings": [],
          "fromMapping": {
            "fieldName": "name"
          },
          "toMapping": {
            "fieldName": "type"
          }
        },
        {
          "relationship": {
            "$ref": "#r:2"
          },
          "tableName": "dinosaurs.csv",
          "propertyMappings": [
            {
              "fieldName": "period_from",
              "property": {
                "$ref": "#p:8"
              }
            },
            {
              "fieldName": "period_to",
              "property": {
                "$ref": "#p:9"
              }
            }
          ],
          "fromMapping": {
            "fieldName": "name"
          },
          "toMapping": {
            "fieldName": "period"
          }
        },
        {
          "relationship": {
            "$ref": "#r:3"
          },
          "tableName": "dinosaurs.csv",
          "propertyMappings": [],
          "fromMapping": {
            "fieldName": "name"
          },
          "toMapping": {
            "fieldName": "lived_in"
          }
        }
      ]
    },
    "configurations": {
      "idsToIgnore": []
    }
  }
}